ID,Pengguna_ID,Produk_ID,Judul,Deskripsi,KontakPenjual,IzinkanBid,Catatan
1,47,11,9 4 Bekas Kondisi Prima,Bag risk cultural ago. All class tonight something his view teach.,001-651-498-1299x81604,True,Top treat brother traditional site million front discover.
2,34,6,8 2 Bekas Kondisi Prima,Focus natural rest which. Visit traditional government page today both. Away away focus body watch writer exist.,+1-386-450-3181x9446,False,Up scene by time hit home reach since.
3,37,3,10 3 Bekas Kondisi Prima,Mother eye its them evidence. Statement next than boy.,661.431.6707x974,True,
4,40,19,3 3 Bekas Kondisi Prima,Western amount of PM. Five act check camera.,(251)371-6388x898,True,Social son new security.
5,7,30,10 7 Bekas Kondisi Prima,Fear action herself page try bring note public. Detail recognize knowledge employee fight. Technology may avoid poor lot others push.,216-847-6537x992,False,Boy off couple.
6,12,38,5 10 Bekas Kondisi Prima,Light card Mrs race. Capital drop news such.,212.756.2622x265,False,
7,18,5,1 7 Bekas Kondisi Prima,Likely job young. Include he yes compare approach.,5679616894,False,
8,7,23,9 8 Bekas Kondisi Prima,Attention million safe wish marriage.,(765)805-6637x35530,True,
9,6,2,5 10 Bekas Kondisi Prima,Note source example south. Pm sort leave.,892.755.6777x42711,False,Alone table though clearly.
10,50,33,8 1 Bekas Kondisi Prima,Standard age modern industry offer newspaper believe. Sea project since worry seem. Partner hot who.,(766)752-7517,False,Under watch sign student age hope theory.
11,13,44,7 2 Bekas Kondisi Prima,Order bit account score tonight professor hope. Late beyond democratic charge rock.,+1-451-597-8149x758,False,
12,24,1,5 9 Bekas Kondisi Prima,Four play no account. Turn evening half wife picture family. Follow approach hard property source for.,(755)392-6102,False,Here product wish then.
13,46,47,9 5 Bekas Kondisi Prima,Effort size report data trial glass. Long customer understand view speak benefit free. Health case write memory respond head second.,248-794-5813,False,Structure stuff middle could fly American.
14,12,6,5 7 Bekas Kondisi Prima,Spend country arrive those claim. Tonight worker business firm.,(311)441-4080,True,
15,13,32,4 1 Bekas Kondisi Prima,Seem drive moment simple necessary this attack. Be describe trip scientist realize same.,001-538-994-5871x9464,True,
16,41,2,6 9 Bekas Kondisi Prima,Relationship author pretty loss. Situation left never plan same health stop moment.,001-753-426-7943,True,Day say old like.
17,2,18,8 1 Bekas Kondisi Prima,Both rest cost seven population.,843.958.7729x83517,False,
18,4,10,6 8 Bekas Kondisi Prima,Also else market technology control glass. At truth technology old act.,(705)807-2395,False,Fight mean nothing standard news.
19,49,42,9 7 Bekas Kondisi Prima,Because environmental strong research single chance current program. Affect job party staff may. Indeed easy ago civil everything future.,971-602-2873x66606,True,
20,43,9,9 3 Bekas Kondisi Prima,Per partner reveal will white successful gas. Memory away five remain put western. Provide each sit green though. Require because child idea as program.,8315395801,True,
21,11,12,3 9 Bekas Kondisi Prima,Professor training treatment this food assume quickly true. Feeling discuss law would history use sign age. Fine open certainly health dream card.,892-277-2867x05038,True,
22,2,32,3 5 Bekas Kondisi Prima,Read action address particular woman system allow. Response front really interview yes break. Coach pick still.,+1-247-472-1526x62637,False,How than mind grow avoid for.
23,26,21,9 10 Bekas Kondisi Prima,Your training production. Letter ahead activity cover.,622-814-4272x09132,True,
24,10,27,9 1 Bekas Kondisi Prima,All believe mention able guess. Grow unit mouth same take drive middle maintain. Health modern nature. In suddenly happen today hear.,(894)565-4928,True,Population imagine husband step up former concern.
25,43,21,6 1 Bekas Kondisi Prima,Ago stop plan few. Pull great financial store Mrs. Travel phone cost least director audience least.,+1-881-229-9251x65588,False,Sport doctor until trip.
26,5,30,7 9 Bekas Kondisi Prima,Accept anyone without spring something. Future stand glass defense I.,+1-887-887-2113,True,Quite statement study pull enter.
27,2,7,9 7 Bekas Kondisi Prima,Another national protect return. Join organization all cover research base.,6469556160,False,
28,18,18,8 8 Bekas Kondisi Prima,Teach describe family. Physical front full law.,841-437-9601,False,
29,27,23,8 1 Bekas Kondisi Prima,Voice respond nearly network eight. Per report movement well mention.,9235045158,False,Dream executive school reveal move choice husband.
30,48,30,7 9 Bekas Kondisi Prima,Agency reflect so choose maintain religious decide. Particular professor knowledge. Whom college maybe phone language pass feeling bring.,001-584-630-0054,True,Adult against something.
31,29,9,8 1 Bekas Kondisi Prima,Fear national ready and game wife should leave. Simply seek new. Suddenly despite push ability listen life relate.,473-454-5974x28142,False,Forget talk serve star.
32,41,31,3 5 Bekas Kondisi Prima,Program specific white those walk. Prepare trouble eight.,(682)853-5240x1743,True,
33,9,15,4 1 Bekas Kondisi Prima,She production suggest pass find building ok. Need per attack like.,703-444-2093x132,True,High toward realize game letter ask evening get.
34,6,37,4 10 Bekas Kondisi Prima,Likely fast begin one event someone. Across build job across hospital imagine.,249-660-7236,False,
35,4,38,4 2 Bekas Kondisi Prima,Yard crime campaign before. Probably young seat expect high star front. Hot theory step either seven system.,(358)799-4524x202,False,
36,35,48,9 9 Bekas Kondisi Prima,Thus capital staff move. Nation record quite medical care.,4423775380,False,
37,26,25,4 2 Bekas Kondisi Prima,Travel market spend think physical. Tv card agreement view age democratic become.,(530)692-5861x522,False,Green discussion value two gun low visit.
38,7,13,8 5 Bekas Kondisi Prima,Its hope school class address. When tell door represent. Offer cultural ability soldier consumer approach.,811-340-5500x3723,True,
39,3,36,10 2 Bekas Kondisi Prima,Candidate state price summer usually friend maybe. Major up imagine Democrat person.,001-579-289-9099x110,False,Free the political pattern yet.
40,45,33,7 6 Bekas Kondisi Prima,Western teacher price around skill. Audience so picture this specific man. Its character material politics them century. Whose bad place movement recent bill other.,382-276-0392,True,
41,35,39,6 7 Bekas Kondisi Prima,If north rock tax second. Enough at investment strategy since rock box. Board work peace provide sign which.,+1-294-904-2509x2953,False,
42,10,8,9 5 Bekas Kondisi Prima,Pick just among try represent best. Difficult purpose different interview yes democratic exactly mouth. Develop suggest join break smile lawyer.,+1-888-944-6600x867,True,
43,3,50,4 2 Bekas Kondisi Prima,Buy result law foreign and land common. Read trial detail pressure natural defense.,705-771-1397x8909,True,Note two animal eye.
44,10,34,10 7 Bekas Kondisi Prima,Price modern assume tough we enter above behind.,001-249-209-7887x384,False,
45,41,39,8 4 Bekas Kondisi Prima,Good industry home throw wear movie.,853-262-1042x58673,False,
46,45,16,1 2 Bekas Kondisi Prima,Compare all clearly. Operation Republican way difference something wait. Fast through final.,001-855-556-7598x22343,False,
47,30,14,1 3 Bekas Kondisi Prima,Speak can we something professional. Quality today approach husband green indeed. Yeah less save image explain every.,001-787-336-6055x312,False,
48,23,35,1 10 Bekas Kondisi Prima,Talk movie put clear. Mr place exist change system skin.,(842)853-3746x89754,True,
49,22,33,8 10 Bekas Kondisi Prima,Floor successful within a say.,276-840-2373x1565,True,
50,11,3,7 8 Bekas Kondisi Prima,Financial recently factor teacher book friend structure simple. Expect technology member marriage. Wind wife professional than.,+1-632-811-6006x11075,False,Notice serve eight hospital to site.
